Feature Requested,Customers_Requesting,Avg_Priority,Impact Score,Effort Score,Quadrant,Roadmap Stage,Product Rationale
Bulk user management,4,3.8575,4.3495,2.25,Quick Win,NOW,4 unique customers; priority 3.86; impact 4.35; effort 2.25.
Faster dashboard loading,8,3.59125,4.2375,2.875,Quick Win,NOW,8 unique customers; priority 3.59; impact 4.24; effort 2.88.
Workflow automation,8,3.585,4.387875,3.25,Strategic Initiative,NEXT,8 unique customers; priority 3.58; impact 4.39; effort 3.25.
Onboarding checklist,7,3.5614285714285714,4.243285714285714,3.142857142857143,Strategic Initiative,NEXT,7 unique customers; priority 3.56; impact 4.24; effort 3.14.
SSO enhancement,3,3.5433333333333334,4.399666666666667,3.0,Strategic Initiative,NEXT,3 unique customers; priority 3.54; impact 4.40; effort 3.00.
API integration,5,3.532,3.6402,1.8,Quick Win,NOW,5 unique customers; priority 3.53; impact 3.64; effort 1.80.
Advanced search,6,3.5116666666666667,4.400166666666667,3.1666666666666665,Strategic Initiative,NEXT,6 unique customers; priority 3.51; impact 4.40; effort 3.17.
Slack integration,3,3.4066666666666663,4.266666666666667,2.6666666666666665,Quick Win,NOW,3 unique customers; priority 3.41; impact 4.27; effort 2.67.
Advanced reporting filters,5,3.1740000000000004,3.7996000000000003,2.6,Quick Win,NOW,5 unique customers; priority 3.17; impact 3.80; effort 2.60.
Transparent pricing,6,3.1483333333333334,4.033333333333334,3.5,Strategic Initiative,LATER,6 unique customers; priority 3.15; impact 4.03; effort 3.50.
Custom notification rules,3,3.1233333333333335,3.600666666666667,3.0,Strategic Initiative,LATER,3 unique customers; priority 3.12; impact 3.60; effort 3.00.
Better collaboration comments,3,3.0500000000000003,4.066333333333333,3.0,Strategic Initiative,LATER,3 unique customers; priority 3.05; impact 4.07; effort 3.00.
