Feature Requested,Customers_Requesting,Feedback_Count,Avg_Severity,Avg_Customer_Impact,Avg_Business_Value,Avg_Strategic_Alignment,Avg_Effort,Avg_Priority,Priority Classification
Bulk user management,4,4,4.25,4.75,3.415,4.75,2.25,3.8575,High Priority
Faster dashboard loading,8,8,4.75,4.75,3.625,3.875,2.875,3.59125,High Priority
Workflow automation,8,8,4.875,4.75,3.6262499999999998,4.625,3.25,3.585,High Priority
Onboarding checklist,7,7,4.0,4.0,4.144285714285714,5.0,3.142857142857143,3.5614285714285714,High Priority
SSO enhancement,3,3,4.666666666666667,5.0,3.4433333333333334,4.333333333333333,3.0,3.5433333333333334,High Priority
API integration,5,5,4.0,3.4,3.934,3.8,1.8,3.532,High Priority
Advanced search,6,6,3.8333333333333335,5.0,3.4450000000000003,4.333333333333333,3.1666666666666665,3.5116666666666667,High Priority
Slack integration,3,3,4.666666666666667,4.666666666666667,3.3333333333333335,4.666666666666667,2.6666666666666665,3.4066666666666663,High Priority
Advanced reporting filters,5,5,5.0,4.4,2.932,3.6,2.6,3.1740000000000004,Medium Priority
Transparent pricing,6,6,3.1666666666666665,4.166666666666667,3.5,4.5,3.5,3.1483333333333334,Medium Priority
Custom notification rules,3,3,4.666666666666667,4.0,3.1133333333333333,3.3333333333333335,3.0,3.1233333333333335,Medium Priority
Better collaboration comments,3,3,2.3333333333333335,4.333333333333333,3.4433333333333334,4.333333333333333,3.0,3.0500000000000003,Medium Priority
Mobile push notifications,4,4,3.5,4.25,3.0,4.5,3.75,3.0325,Medium Priority
Team workflows,4,4,2.75,2.25,4.085,3.75,3.0,2.7875,Medium Priority
Offline mobile access,4,4,3.0,4.0,2.915,2.25,3.75,2.65,Medium Priority
CSV export improvements,4,4,3.0,3.0,3.7475,2.25,3.75,2.625,Low Priority
Calendar integration,5,5,3.6,3.0,2.266,2.8,3.6,2.258,Low Priority
