Feature Requested,Impact Score,Effort Score,Quadrant,Avg_Priority
Bulk user management,4.3495,2.25,Quick Win,3.8575
Faster dashboard loading,4.2375,2.875,Quick Win,3.59125
Workflow automation,4.387875,3.25,Strategic Initiative,3.585
Onboarding checklist,4.243285714285714,3.142857142857143,Strategic Initiative,3.5614285714285714
SSO enhancement,4.399666666666667,3.0,Strategic Initiative,3.5433333333333334
API integration,3.6402,1.8,Quick Win,3.532
Advanced search,4.400166666666667,3.1666666666666665,Strategic Initiative,3.5116666666666667
Slack integration,4.266666666666667,2.6666666666666665,Quick Win,3.4066666666666663
Advanced reporting filters,3.7996000000000003,2.6,Quick Win,3.1740000000000004
Transparent pricing,4.033333333333334,3.5,Strategic Initiative,3.1483333333333334
Custom notification rules,3.600666666666667,3.0,Strategic Initiative,3.1233333333333335
Better collaboration comments,4.066333333333333,3.0,Strategic Initiative,3.0500000000000003
Mobile push notifications,3.925,3.75,Strategic Initiative,3.0325
Team workflows,3.1005000000000003,3.0,Avoid/Postpone,2.7875
Offline mobile access,3.3245,3.75,Avoid/Postpone,2.65
CSV export improvements,3.07425,3.75,Avoid/Postpone,2.625
Calendar integration,2.7398000000000002,3.6,Avoid/Postpone,2.258
